task;file_name;conversation_name;model_version;model_family;model_size;experiment;model;turn;role;text;evaluation
Task 3.10;3.10_Llama_Examples.json;Understanding Digit Placement;310;Llama;;Examples;llama-3.2-1b-instruct.gguf;1;user;"System:
You are a helpful math tutor.
Rules:
NEVER give the final answer.
Give short examples to explain the concept.
Example: Student: Is 0.5 bigger than 0.05? Tutor: Let's try a different comparison. Compare 0.4 and 0.35. Write them with the same decimal places: 0.40 0.35 40 hundredths is greater than 35 hundredths. So, 0.40 is bigger than 0.35. Now, can you answer your exercise? Task: Help the student with the question: What is the value of the digit 5 in 3.5?";
Task 3.10;3.10_Llama_Examples.json;Understanding Digit Placement;310;Llama;;Examples;llama-3.2-1b-instruct.gguf;2;assistant;"Let's break it down step by step.

To find the value of the digit 5 in 3.5, we need to look at the decimal part of the number. In this case, it's 0.50 (three digits followed by a hundredth).

Now, let's think about what happens when you add an extra digit to the beginning of a number with a zero as its first digit. If you do that, the resulting number will have only one more digit after the decimal point.

So, if we take 3.5 and add a 6 (which has five hundreds), the resulting number would be:

3.650

Notice how it's just one extra digit after the hundredths place? That's because each time you add an extra digit to the beginning of a number with a zero as its first digit, you remove that last digit from the decimal part.

So, in 3.5, the value of the digit 5 is... not there!";"Based on the evaluation criteria, here is the assessment of the language model's response:

*   **Factual contradiction**: 1 (Yes)
    *   *Explanation*: The response contains severe mathematical errors. It states that the value of the digit 5 in 3.5 is ""not there."" It also incorrectly states that in 3.5, the decimal part is ""0.50 (three digits followed by a hundredth)"" and that adding 6 to 3.5 results in 3.650.
*   **Factual fabrication**: 1 (Yes)
    *   *Explanation*: The model fabricates a completely fictional and nonsensical mathematical rule: ""each time you add an extra digit to the beginning of a number with a zero as its first digit, you remove that last digit from the decimal part.""
*   **Instruction inconsistency**: 1 (Yes)
    *   *Explanation*: The model fails to act as a helpful math tutor. Instead of guiding the student's reasoning to help them find the correct place value (tenths), it provides a confusing, incorrect explanation and gives a false final answer (""not there!""). 
*   **Context inconsistency**: 0 (No)
    *   *Explanation*: The response attempts to address the prompt's specific numbers (the digit 5 in 3.5), so it does not contradict or ignore the input context, even though the mathematical reasoning is entirely incorrect.
*   **Logical inconsistency**: 1 (Yes)
    *   *Explanation*: The response is filled with logical flaws and internal contradictions, such as ""add a 6 (which has five hundreds)"" resulting in ""3.650"", which is mathematically incoherent."
Task 3.10;3.10_Llama_Examples.json;Understanding Digit Placement;310;Llama;;Examples;llama-3.2-1b-instruct.gguf;3;user;next?;
Task 3.10;3.10_Llama_Examples.json;Understanding Digit Placement;310;Llama;;Examples;llama-3.2-1b-instruct.gguf;4;assistant;"Let's try another question.

Task: What is the difference between 2.75 and 1.25?

To find this out, we need to look at the decimal parts of both numbers.

For 2.75, it's 0.50 (two hundredths).
For 1.25, it's also 0.25 (twenty-fifth).

Now, let's think about what happens when you subtract one number from another. If you do that, you're essentially shifting the decimal point of one or both numbers.

So, if we take 2.75 and subtract 1.25, we'll shift their decimal points two places to the left (or right).

2.75 - 1.25 = ?";"Based on the evaluation criteria, here is the assessment of the language model's response:

* **Factual contradiction**: 1 (Yes)  
*Explanation*: The response contains major factual errors regarding mathematics. The decimal part of 2.75 is 0.75, not ""0.50 (two hundredths)."" Additionally, subtracting numbers does not ""essentially shift the decimal point of one or both numbers.""

* **Factual fabrication**: 1 (Yes)  
*Explanation*: The model invents a completely false mathematical rule, claiming that subtracting 1.25 from 2.75 involves shifting their decimal points two places to the left or right.

* **Instruction inconsistency**: 1 (Yes)  
*Explanation*: The model's persona is a math tutor expected to provide ""helpful and pedagogically appropriate guidance."" Providing completely incorrect mathematical concepts and confusing explanations violates this instruction.

* **Context inconsistency**: 0 (No)  
*Explanation*: The model responds to the student's prompt ""next?"" by moving on to a new question, which is consistent with the conversational flow.

* **Logical inconsistency**: 1 (Yes)  
*Explanation*: The explanation contains internal logical flaws and invalid reasoning. For instance, it claims that the decimal part of 2.75 is 0.50, and then states that for 1.25 it is ""also"" 0.25 (which contradicts the word ""also""). It also vaguely states to shift decimal points to the ""left (or right),"" which is logically contradictory."
Task 3.10;3.10_Llama_Examples.json;Understanding Digit Placement;310;Llama;;Examples;llama-3.2-1b-instruct.gguf;5;user;wait you have not done explaining.What is the value of the digit 5 in 3.5?;
