id,student_response,evaluation
1,The derivative represents the rate at which a function changes with respect to its input.,"As an experienced university professor specializing in Mathematics Education, I have evaluated the student’s response based on your criteria. Here is my rigorous pedagogical evaluation:

---

### **Student Response Evaluation**

**Student Response:** *""The derivative represents the rate at which a function changes with respect to its input.""*

---

### **1. Mathematical Correctness**
* **Score: 4 / 5 (Good)**
* **Evaluation:** The student’s statement is conceptually correct and identifies the core nature of a derivative as a rate of change. However, from a rigorous mathematical standpoint, it lacks one crucial qualifier: **""instantaneous.""** Without the word ""instantaneous,"" the definition could technically conflate the derivative with the *average* rate of change (which is represented by the difference quotient before taking the limit). In a university-level calculus course, distinguishing between average and instantaneous rates of change is a critical milestone.

---

### **2. Clarity of the Explanation**
* **Score: 5 / 5 (Excellent)**
* **Evaluation:** The response is exceptionally clear, concise, and free of unnecessary jargon. It avoids the common pitfall of defining a derivative purely procedurally (e.g., ""it's when you bring the exponent to the front and subtract one"") or purely geometrically (e.g., ""it's the slope of the tangent line"") without explaining what that slope actually *means*. 

---

### **3. Pedagogical Appropriateness**
* **Score: 5 / 5 (Excellent)**
* **Evaluation:** From a cognitive and pedagogical perspective, this is an excellent conceptual foundation. In mathematics education research (such as Tall & Vinner's concept image/concept definition framework), students who view the derivative as a ""rate of change"" demonstrate a much deeper relational understanding than those who view it merely as a symbolic algorithm. This definition serves as a perfect springboard for applications in physics (velocity as the derivative of position), economics (marginal cost), and other sciences.

---

### **Overall Score and Professor's Feedback**

* **Overall Score: 4.7 / 5 (Excellent)**

**Feedback for the Student:**
> *""An excellent conceptual definition! You have correctly identified that the derivative is fundamentally about how a function's output changes in response to its input. To make this mathematically precise, remember to include the word **instantaneous**. While an interval has an *average* rate of change, the derivative gives us the *instantaneous* rate of change at a specific point. Keep up the great conceptual thinking!""*"
2,A derivative is the result of dividing any number by another number.,"As an experienced university professor specializing in Mathematics Education, I have evaluated the student's response based on the requested criteria. Here is my rigorous pedagogical evaluation.

---

### **Evaluation of Student Response**

**Student Response:** *""A derivative is the result of dividing any number by another number.""*

#### **1. Mathematical Correctness**
* **Score: 1 / 5 (Very poor)**
* **Feedback:** This statement is mathematically incorrect. The student has defined a *quotient* (the result of division), not a *derivative*. 
A derivative is not the division of any two static numbers. Mathematically, the derivative of a function at a point is the limit of a difference quotient as the change in the independent variable approaches zero:
$$f'(x) = \lim_{h \to 0} \frac{f(x+h) - f(x)}{h}$$
It represents an instantaneous rate of change or the slope of the tangent line to a curve at a specific point. By reducing this complex, limit-based dynamic process to simple static division, the student demonstrates a fundamental misunderstanding of calculus.

#### **2. Clarity of the Explanation**
* **Score: 1 / 5 (Very poor)**
* **Feedback:** While the sentence itself is grammatically simple and easy to read, as an *explanation of a derivative*, it is extremely misleading and lacks any conceptual clarity. It fails to mention functions, variables, change, limits, or graphs—all of which are essential to explaining what a derivative actually is.

#### **3. Pedagogical Appropriateness**
* **Score: 1 / 5 (Very poor)**
* **Feedback:** This response indicates a severe conceptual deficit. Pedagogically, this is a critical ""red flag."" The student may be vaguely recalling that a derivative involves a fraction ($\frac{dy}{dx}$ or $\frac{\Delta y}{\Delta x}$), but they have stripped away all the calculus context, leaving only basic arithmetic. 
To address this, a teacher must intervene immediately to decouple the concept of a derivative from simple division and rebuild the concept using graphical representations (slope of secant lines transitioning to tangent lines) and real-world rates of change (e.g., average speed vs. instantaneous speed).

---

### **Overall Evaluation & Score**

* **Mathematical Correctness:** 1/5
* **Clarity of Explanation:** 1/5
* **Pedagogical Appropriateness:** 1/5

**Overall Score: 1 / 5 (Very poor)**

**Professor's Summary Note:** This response represents a total collapse of the concept of a derivative. The student requires immediate diagnostic feedback and targeted remedial instruction focusing on the transition from average rates of change (algebraic slopes) to instantaneous rates of change (calculus limits)."
